{
    "info": {
        "u0a6e9d433b2205c2183f8904cde170e3": "Princes~Noor",
        "u4e94b009f1e6443097d13760a2c50242": "Milad~BHAI",
        "ubcd98265d4210c2215f3ddb43d79c414": "SHAH~ZAIN",
        "ufb187dec7869027d479aab131da22def": "LADLI~ISI"
    },
    "limit": {},
    "name": {
        "LADLI~ISI": {
            "mid": "ufb187dec7869027d479aab131da22def",
            "pay": 1580551249.7861896,
            "runtime": 1577959249.7861896,
            "token": {}
        },
        "Milad~BHAI": {
            "mid": "u4e94b009f1e6443097d13760a2c50242",
            "pay": 1580551415.4605756,
            "runtime": 1577959415.4605756,
            "token": {}
        },
        "Princes~Noor": {
            "mid": "u0a6e9d433b2205c2183f8904cde170e3",
            "pay": 1580550949.8952253,
            "runtime": 1577958949.8952253,
            "token": {}
        },
        "SHAH~ZAIN": {
            "mid": "ubcd98265d4210c2215f3ddb43d79c414",
            "pay": 1580550988.0561867,
            "runtime": 1577958988.0561867,
            "token": {}
        }
    }
}