{
    "listLogin": {
        "u0374fc196739c335f172cc87335b6cc9": "@BE",
        "u330c05ec18cc78bcbae1469a7fe1df6f": "Gabbar",
        "uf80d0f45427636d32fae079ff5c525ce": "@Rajpoot"
    },
    "myService": {
        "u0374fc196739c335f172cc87335b6cc9": "@BE",
        "u04d9a905aa35b3162120a650a634a4ba": "@muna",
        "u11f5629b1b9ddf1832bead424b92dddb": "@User",
        "u1f856423f6b60740bbdbc87001d6fcf2": "🥀naina🥀",
        "u28f90f47751cc8c95213013009d3c699": "@Adii",
        "u2908fd8f59752192c6e7eb566a5f4d3b": "@Syed",
        "u2cb973ec17d0111309d0a9f96edf1cc5": "@Ali",
        "u330c05ec18cc78bcbae1469a7fe1df6f": "Gabbar",
        "u34eb2b4c78aac07087fc80b38e03a5b0": "@Prince",
        "u9e1223e9dba6ac39d612c608a7ced942": "ARIF",
        "u987b05b732e76bbaec25563c7ba32761": "PRINCES_NOOR",
        "ubcd98265d4210c2215f3ddb43d79c414": "🥀Shahzi🥀",
        "ubeaf82f2d071c9e0f1e8487a45c2b9c3": "@Mr",
        "uc0a77bf2c51794b80d7b46e9ab7b326d": "@Pasha",
        "ud59de6f0f8bd50a78984e1b29ede5bff": "@Merry",
        "udaca6a3ec53005a128c3397516597300": "@Admin",
        "uf80d0f45427636d32fae079ff5c525ce": "@Rajpoot",
        "uf936b01c85a0a494d287cd8c11ffe8f3": "@Pagli",
        "ufb187dec7869027d479aab131da22def": "@Ladli"
    }
}