{
    "huhu": {
        "STKID": "2713768",
        "STKPKGID": "3524",
        "STKVER": "1"
    },
    "hehe": {
        "STKID": "52002736",
        "STKPKGID": "11537",
        "STKVER": "1"
    },
    "go": {
        "STKID": "113271909",
        "STKPKGID": "12776",
        "STKVER": "1"
    },
    "love you": {
        "STKID": "234701244",
        "STKPKGID": "9141024",
        "STKVER": "2"
    },
    "smile": {
        "STKID": "89691703",
        "STKPKGID": "12555",
        "STKVER": "3"
    },
    "good morning": {
        "STKID": "234701239",
        "STKPKGID": "9141024",
        "STKVER": "2"
    },
    "good night": {
        "STKID": "234701250",
        "STKPKGID": "9141024",
        "STKVER": "2"
    },
    "i kiss you": {
        "STKID": "194779769",
        "STKPKGID": "7912671",
        "STKVER": "1"
    },
    "nikal": {
        "STKID": "52002767",
        "STKPKGID": "11537",
        "STKVER": "1"
    },
    "hate": {
        "STKID": "25781118",
        "STKPKGID": "1824249",
        "STKVER": "1"
    },
    "sad": {
        "STKID": "24354330",
        "STKPKGID": "1766222",
        "STKVER": "1"
    }
}