{
    "access_key": "0066725464abd96d2cee00863ad9067f",
    "access_token": "ec6a73ed66f5704bf4d071a2174fb736238aaeb6",
    "addContact": {
        "name": "",
        "status": false
    },
    "addImage": {
        "name": "",
        "status": false
    },
    "addPesan": "@!Thanks for add me",
    "addSticker": {
        "name": "",
        "status": false
    },
    "addStickers": {
        "name": "",
        "status": false
    },
    "admin": [
        "udec79e367fb60cf779b15dfbfef0b775"
    ],
    "ani_guess": [
        "c9a9f741633543d70449a7d9801cbbd28"
    ],
    "apiKey": "8e3cf182-807a-4186-9261-a6c8741a9237",
    "autoAdd": true,
    "autoJoin": false,
    "autoJoinTicket": false,
    "autoLeave": false,
    "autoLike": false,
    "autoRead": false,
    "autoRead1": false,
    "autoReply": false,
    "autoRestart": false,
    "botMute": [],
    "botOff": [],
    "changeCover": false,
    "changeGroupPicture": [],
    "changePicture": false,
    "changeProfileCover": "",
    "changeProfileVideo": {
        "picture": "tmp/pict.bin",
        "stage": 2,
        "status": false,
        "video": "/tmp/linepy-1533757450-2.bin"
    },
    "changeVideo": false,
    "chatbot": {
        "": false
    },
    "checkContact": false,
    "checkPost": false,
    "checkSticker": false,
    "commentPost": "Autolike by : Prince Khan\n\n> Personal Selfbots \n> Sell Tickets Sirichan V.10\n\nMore Info:\n> http://line.me/ti/p/~prince0312",
    "content": {
        "sam": [
            "u2cf74acf6ed04d122def4db8ffdd2e39",
            "u2cf74acf6ed04d122def4db8ffdd2e39",
            "u2cf74acf6ed04d122def4db8ffdd2e39"
        ],
        "status": true
    },
    "detectMention": false,
    "fancy": {
        "foto1": [],
        "foto2": [],
        "foto3": [],
        "status": false
    },
    "getReader": {},
    "keyCommand": "khie ",
    "leaveMC": false,
    "leaveMessage": false,
    "leavePesan": "Hello @!, why leave from the group {gname}??",
    "mayhem": false,
    "mentionPesan": "Asw lo @!, What are the tag\" 􀜅􀄃hmm􏿿",
    "messageSticker": {
        "addName": null,
        "addStatus": false,
        "listSticker": {
            "addSticker": {
                "STKID": "2384546",
                "STKPKGID": "1057495",
                "STKVER": "14",
                "status": true
            },
            "leaveSticker": null,
            "mentionSticker": {
                "STKID": "11979804",
                "STKPKGID": "1295985",
                "STKVER": "1"
            },
            "readerSticker": null,
            "replySticker": null,
            "welcomeSticker": null
        }
    },
    "mimic": {
        "copy": false,
        "status": true,
        "target": {
            "udb68a574c2dd49530fd9affdcead6856": true
        }
    },
    "myProfile": {
        "coverId": "a9130d17447aff5f91fde8f3b603e0a9",
        "coverStatus": "",
        "displayName": "Oh they turan me「Founders」",
        "pictureStatus": "0h1NVIsFbpbmFrMESFDUURNld1YAwcHmgpEwUnBR5lZVBDBi0_VQYoVBw5ZAZDAX0yAl4mA0Y2YFZE",
        "statusMessage": "🌼 αsєnα'м 🌼\n💕 мч ℓєft sidє 💕\n\n💛💙 ʏɛşɨʟ ɢöʐʟüʍ 💛💙\nυиυтυℓмαzιм\n\n• İNSTAGRAM TAKİPÇİ •\n• İNSTAGRAM FOLLOWER •\n「 Hesaba sınırsız takipçi yükleme adresi.  」\n「 Unlimited follower upload adress.  」\n&\n• LINE GROUPS •\n「 Bot Protection  」 「 Siri-Chan v10 」\n「 Self Bot  」 「 Kicker Bot  」\n💲💱 Selling | Satış 💱💲\n👤 Yönetici Durumu: Yoğun\n👤 Manager Status: Intensive\n🕙 Ortalama Cevap Süresi 15/30 Dakika\n🕙Average Answer Time 15/30 Minutes",
        "videoProfile": "{\"category\":\"vp.mp4\",\"extension\":\"jpeg\",\"animated\":false,\"width\":414,\"height\":741,\"fileSize\":57851,\"tids\":{\"mp4\":\"vp.small\",\"sjpg\":\"vp.sjpg\"}}"
    },
    "notag": false,
    "pesanReader": "Look for structures  :)\n@!,\n • PRINCEBOTS •",
    "protectGroupImage": false,
    "protectGroupName": false,
    "protectGroupQr": false,
    "publicMode": false,
    "qrprotect": false,
    "readerPesan": "Look for structures  :)\n@!,\n • PRINCEBOTS •",
    "replyPesan": "What's wrong\nI'm busy right now",
    "resendChat": false,
    "responGc": false,
    "restartBot": null,
    "restartPoint": null,
    "server": "VPS",
    "setKey": false,
    "timeRestart": 43200,
    "ttt": "line://app/1602687308-GXq4Vvk9?type=text&text=",
    "unsendMessage": false,
    "userAgent": [
        "Mozilla/5.0 (X11; U; Linux i586; de; rv:5.0) Gecko/20100101 Firefox/5.0",
        "Mozilla/5.0 (X11; U; Linux amd64; rv:5.0) Gecko/20100101 Firefox/5.0 (Debian)",
        "Mozilla/5.0 (X11; U; Linux amd64; en-US; rv:5.0) Gecko/20110619 Firefox/5.0",
        "Mozilla/5.0 (X11; Linux) Gecko Firefox/5.0",
        "Mozilla/5.0 (X11; Linux x86_64; rv:5.0) Gecko/20100101 Firefox/5.0 FirePHP/0.5",
        "Mozilla/5.0 (X11; Linux x86_64; rv:5.0) Gecko/20100101 Firefox/5.0 Firefox/5.0",
        "Mozilla/5.0 (X11; Linux x86_64) Gecko Firefox/5.0",
        "Mozilla/5.0 (X11; Linux ppc; rv:5.0) Gecko/20100101 Firefox/5.0",
        "Mozilla/5.0 (X11; Linux AMD64) Gecko Firefox/5.0",
        "Mozilla/5.0 (X11; FreeBSD amd64; rv:5.0) Gecko/20100101 Firefox/5.0",
        "Mozilla/5.0 (Windows NT 6.2; WOW64; rv:5.0) Gecko/20100101 Firefox/5.0",
        "Mozilla/5.0 (Windows NT 6.1; Win64; x64; rv:5.0) Gecko/20110619 Firefox/5.0",
        "Mozilla/5.0 (Windows NT 6.1; Win64; x64; rv:5.0) Gecko/20100101 Firefox/5.0",
        "Mozilla/5.0 (Windows NT 6.1; rv:6.0) Gecko/20100101 Firefox/5.0",
        "Mozilla/5.0 (Windows NT 6.1.1; rv:5.0) Gecko/20100101 Firefox/5.0",
        "Mozilla/5.0 (Windows NT 5.2; WOW64; rv:5.0) Gecko/20100101 Firefox/5.0",
        "Mozilla/5.0 (Windows NT 5.1; U; rv:5.0) Gecko/20100101 Firefox/5.0",
        "Mozilla/5.0 (Windows NT 5.1; rv:2.0.1) Gecko/20100101 Firefox/5.0",
        "Mozilla/5.0 (Windows NT 5.0; WOW64; rv:5.0) Gecko/20100101 Firefox/5.0",
        "Mozilla/5.0 (Windows NT 5.0; rv:5.0) Gecko/20100101 Firefox/5.0"
    ],
    "userMentioned": {},
    "waktu": 10,
    "welcomeMessage": false,
    "welcomePesan": "Welcome to the group {gname} @! Hope you feel right"
}